{"cameraMode":{"drawMode":0,"name":"Shaded","section":"Shading Mode"},"sceneLighting":true,"audioPlay":false,"sceneViewState":{"m_AlwaysRefresh":false,"showFog":true,"showSkybox":true,"showFlares":true,"showImageEffects":true,"showParticleSystems":true,"showVisualEffectGraphs":true,"m_FxEnabled":true},"in2DMode":false,"pivot":{"x":0.8161888122558594,"y":-4.717126846313477,"z":-2.1095809936523439},"rotation":{"x":0.0004881074419245124,"y":0.9176473617553711,"z":-0.3975403308868408,"w":0.0012078495929017664},"size":11.935859680175782,"orthographic":false}