{"cameraMode":{"drawMode":0,"name":"Shaded","section":"Shading Mode"},"sceneLighting":true,"audioPlay":false,"sceneViewState":{"m_AlwaysRefresh":false,"showFog":true,"showSkybox":true,"showFlares":true,"showImageEffects":true,"showParticleSystems":true,"showVisualEffectGraphs":true,"m_FxEnabled":true},"in2DMode":false,"pivot":{"x":1.567427396774292,"y":-4.570294380187988,"z":-2.1777267456054689},"rotation":{"x":0.00010029117402154952,"y":0.9031677842140198,"z":-0.4294045865535736,"w":0.0002869530871976167},"size":11.330639839172364,"orthographic":false}