{"cameraMode":{"drawMode":0,"name":"Shaded","section":"Shading Mode"},"sceneLighting":true,"audioPlay":false,"sceneViewState":{"m_AlwaysRefresh":false,"showFog":true,"showSkybox":true,"showFlares":true,"showImageEffects":true,"showParticleSystems":true,"showVisualEffectGraphs":true,"m_FxEnabled":true},"in2DMode":false,"pivot":{"x":882.0148315429688,"y":477.5701599121094,"z":150.89707946777345},"rotation":{"x":-0.010319310240447522,"y":0.9709853529930115,"z":-0.2353620082139969,"w":-0.04245016723871231},"size":109.14236450195313,"orthographic":false}